{
	"name": "Rapier",
	"description": "fires piercing bullets",
	"type": "ItemTurret",
	"health": 220,
	"size": 1,
	"reloadTime": 60,
	"range": 144,
	"inaccuracy": 10,
	"targetAir": true,
	"targetGround": true,
	"shootSound": "bigshot",
	"shootEffect": "casing1",
	"category": "turret",
	"buildVisibility": "shown",
	"research": "hail",
	"ammoTypes": {
		"dense-alloy": {
			"type": "BasicBulletType",
			"damage": 20,
			"width": 5,
			"height": 10,
			"speed": 6,
			"lifetime": 24,
			"pierce": true
		},
		"graphite": {
			"type": "BasicBulletType",
			"damage": 22,
			"width": 5,
			"height": 10,
			"speed": 6,
			"lifetime": 24,
			"pierce": true
		},
		"metaglass": {
			"type": "BasicBulletType",
			"damage": 18,
			"width": 7,
			"height": 12,
			"speed": 6,
			"lifetime": 24,
			"pierce": true,
			"fragBullets": 5,
			"fragBullet": {
				"type": "BasicBulletType",
				"damage": 5,
				"lifetime": 8,
				"speed": 1,
				"width": 3,
				"height": 6,
			}
		}
	},
	"requirements": [
		{"item": "dense-alloy", "amount": 2},
		{"item": "graphite", "amount": 6},
		{"item": "silicon", "amount": 9}
	]
}