{
	"localizedName": "Takedown",
	"description": "a small Copter with 3 fast shooting guns and 2 missile launchers.",
	"health": 750,
	"type": "flying",
	"drag": 0.007,
	"speed": 2,
	"accel": 0.06,
    "flying": true,
    "lowAltitude": true,
    "rotateShooting": true,
    "faceTarget": true,
    "circleTarget" : false,
    "visualElevation": 0.25,
    "rotateSpeed": 4,
    "maxRange": 280,
    "hitSize": 20,
    "engineSize": 0,
    "armor": 20,
    "commandLimit": 5,
    "research": {
    	"parent": "copter-factory",
    	"requirements": [
    		{"item": "titanium", "amount": 1000},
    		{"item": "silicon", "amount": 1000},
    		{"item": "plastanium", "amount": 1000},
    		{"item": "advanced-alloy", "amount": 500}
    	]
    },
    "weapons": [
        {
            "name": "weapon-copter-basic",
            "mirror": true,
            "rotate": true,
            "rotateSpeed": 4,
            "x": 8,
            "y": 8,
            "reload": 10,
            "shootY": 9,
            "recoil": 1,
            "bullet": {
                "type": "BasicBulletType",
                "damage": 25,
                "speed": 8,
                "lifetime": 35,
                "width": 5,
                "height": 10,
            }
        },
        {
            "name": "weapon-copter-basic",
            "mirror": true,
            "rotate": true,
            "rotateSpeed": 4,
            "x": 4,
            "y": 12,
            "reload": 10,
            "shootY": 9,
            "recoil": 1,
            "bullet": {
                "type": "BasicBulletType",
                "damage": 25,
                "speed": 8,
                "lifetime": 20,
                "width": 5,
                "height": 10,
            }
        },
        {
            "name": "weapon-copter-missile",
            "mirror": true,
            "rotate": true,
            "rotateSpeed": 4,
            "x": 4,
            "y": 0,
            "reload": 30,
            "shootY": 1,
            "recoil": 1,
            "bullet": {
                "type": "MissileBulletType",
                "damage": 35,
                "speed": 4,
                "lifetime": 40,
                "width": 7,
                "height": 12,
            }
        }
    ]
}