{
	"localizedName": "Havanax",
	"description": "A big Copter with glass shrapnel weapons",
	"health": 1250,
	"type": "flying",
	"drag": 0.007,
	"speed": 2,
	"accel": 0.06,
    "flying": true,
    "lowAltitude": true,
    "rotateShooting": true,
    "faceTarget": true,
    "circleTarget" : false,
    "visualElevation": 0.25,
    "rotateSpeed": 4,
    "maxRange": 320,
    "hitSize": 20,
    "engineSize": 0,
    "armor": 20,
    "commandLimit": 5,
    "research": {
    	"parent": "copter-factory",
    	"requirements": [
    		{"item": "titanium", "amount": 2000},
    		{"item": "silicon", "amount": 3000},
    		{"item": "plastanium", "amount": 2000},
    		{"item": "advanced-alloy", "amount": 1500}
    	]
    },
    "weapons": [
        {
            "name": "weapon-copter-flak",
            "mirror": true,
            "rotate": true,
            "rotateSpeed": 4,
            "x": 7,
            "y": 12,
            "reload": 10,
            "shootY": 9,
            "recoil": 1,
            "bullet": {
                "type": "ArtilleryBulletType",
                "damage": 100,
                "speed": 2,
                "width": 10,
                "lifetime": 160,
                "height": 15,
                "fragBullets": 5,
                "fragBullet": {
                    "type": "BasicBulletType",
                    "damage": 50,
                    "speed": 1,
                    "width": 5,
                    "height": 10,
                    "lifetime": 16,
                }
            }
        },
        {
            "name": "weapon-copter-missile",
            "mirror": true,
            "rotate": true,
            "rotateSpeed": 4,
            "x": 8,
            "y": -4,
            "reload": 30,
            "shootY": 1,
            "recoil": 1,
            "bullet": {
                "type": "MissileBulletType",
                "damage": 35,
                "speed": 4,
                "lifetime": 40,
                "width": 7,
                "height": 12,
            }
        }
    ]
}