{
	"localizedName": "Luna",
	"description": "A big Copter with heavy artillery",
	"health": 1250,
	"type": "flying",
	"drag": 0.007,
	"speed": 2,
	"accel": 0.06,
    "flying": true,
    "lowAltitude": true,
    "rotateShooting": true,
    "faceTarget": true,
    "circleTarget" : false,
    "visualElevation": 0.25,
    "rotateSpeed": 4,
    "maxRange": 380,
    "hitSize": 20,
    "engineSize": 0,
    "armor": 20,
    "commandLimit": 5,
    "research": {
    	"parent": "copter-factory",
    	"requirements": [
    		{"item": "titanium", "amount": 2000},
    		{"item": "silicon", "amount": 3000},
    		{"item": "plastanium", "amount": 2000},
    		{"item": "advanced-alloy", "amount": 1500}
    	]
    },
    "weapons": [
        {
            "name": "weapon-copter-artillery",
            "mirror": true,
            "rotate": true,
            "rotateSpeed": 2,
            "x": 8,
            "y": -4,
            "reload": 120,
            "shootY": 9,
            "recoil": 1,
            "bullet": {
                "type": "ArtilleryBulletType",
                "damage": 200,
                "speed": 2,
                "width": 10,
                "lifetime": 190,
                "height": 15,
                "splashDamage": 100,
                "splashDamageRadius": 12
            }
        },
        {
            "name": "weapon-copter-missile",
            "mirror": true,
            "rotate": true,
            "rotateSpeed": 4,
            "x": 8,
            "y": 8,
            "reload": 30,
            "shootY": 1,
            "recoil": 1,
            "bullet": {
                "type": "MissileBulletType",
                "damage": 35,
                "speed": 4,
                "lifetime": 80,
                "width": 7,
                "height": 12,
            }
        },
        {
            "name": "weapon-copter-missile",
            "mirror": true,
            "rotate": true,
            "rotateSpeed": 4,
            "x": 6,
            "y": 13,
            "reload": 30,
            "shootY": 1,
            "recoil": 1,
            "bullet": {
                "type": "MissileBulletType",
                "damage": 35,
                "speed": 4,
                "lifetime": 80,
                "width": 7,
                "height": 12,
            }
        }
    ]
}