{
	"name": "Ultimate Drill",
	"description": "You think that airblast was the ultimate drill but you are wrong mah boi.",
	"type": "drill",
	"health": 330,
	"size": 4,
	"tier": 5,
	"drillTime": 3,
	"liquidBoostIntensity": 2.4,
	"drawRim": true,
	"heatColor": "ff3f00",
	"requirements": [
		{"item": "advanced-alloy", "amount": 75},
		{"item": "thorium", "amount": 125},
		{"item": "plastanium", "amount": 125},
		{"item": "silicon", "amount": 255}
	],
	"consumes": {
		"liquid": {
			"liquid": "cryofluid",
			"amount": 0.3,
			"booster": true,
			"optional": true
		},
		"power": 1.5
	},
	"category": "production",
	"research": "blast-drill"
}