{
	"localizedName": "Scorch Smelter",
	"description": "Creates Advanced alloy from scrap and surge",
	"updateEffect": "none",
	"ambientSound": "respawning",
	"ambientSoundVolume": 0.5,
	"category": "crafting",
	"researh": "alloy-smelter",
	"consumes": {
		"power": 1,
		"items": {
			"items": [
				{"item": "scrap", "amount": 10},
				{"item": "surge-alloy", "amount": 1},
			]
		}
	},
	"requirements": [
		{"item": "silicon", "amount": 125},
		{"item": "surge-alloy", "amount": 25},
		{"item": "thorium", "amount": 65},
		{"item": "graphite", "amount": 45}
	],
	"outputItem": {"item": "advanced-alloy", "amount": 3},
	"health": 420,
	"size": 3,
}