{
	"type": "Reconstructor",
	"name": "Advanced Exponential Reconstructor",
	"description": "Rebuilds Copters and other things into the 4th tier",
	"size": 7,
	"health": 1960,
	"hasLiquids": true,
	"liquidCapacity": 180,
	"constructTime": 6390,
	"upgrades": [
		["CCopter", "DCopter"]
	],
	"consumes": {
		"power": 9,
		"items": {
			"items": [
				{"item": "silicon", "amount": 850},
				{"item": "titanium", "amount": 750},
				{"item": "plastanium", "amount": 650}
			]
		},
		"liquid":{"liquid": "cryofluid", "amount": 60}
	},
	"requirements": [
		{"item": "lead", "amount": 2000},
		{"item": "titanium", "amount": 2000},
		{"item": "thorium", "amount": 750},
		{"item": "silicon", "amount": 1000},
		{"item": "plastanium", "amount": 450},
		{"item": "phase-fabric", "amount": 600},
	],
	"category": "units",
	"research": "advanced-multiplicative-reconstructor",
	
}