{
	"name": "Heli Factory",
	"description": "Makes copters, drones and units with rotors",
	"health": 160,
	"size": 3,
	"type": "unitFactory",
	"plans": [
		{
			"unit": "ACopter",
			"requirements": [
				{"item": "advanced-alloy", "amount": 10},
				{"item": "silicon", "amount": 15}
			],
			"time": 300,
		}
	],
	"consumes": {
		"power": 40,
	},
	"requirements": [
		{"item": "silicon", "amount": 85},
		{"item": "titanium", "amount": 50},
		{"item": "graphite", "amount": 50}
	],
	"category": "units",
	"research": "air-factory",
}